{
    "auc": 0.975,
    "pr_auc": 0.9266666666666665,
    "f1": 0.9090909090909091,
    "threshold": 0.1
}